{
    "sport": {
        "game": 0.3572741464870881,
        "england": 0.31907434737608514,
        "win": 0.3074106799706846
    },
    "business": {
        "firm": 0.2891252868078186,
        "bank": 0.2697288199539767,
        "market": 0.26162908341553825
    },
    "tech": {
        "mobil": 0.34627148373030014,
        "phone": 0.3319065027131584,
        "softwar": 0.3152238172837377
    },
    "entertainment": {
        "film": 0.7216412939111394,
        "award": 0.4106447057087541,
        "star": 0.40803563438879187
    },
    "politics": {
        "labour": 0.4510503671418209,
        "elect": 0.4313731783204545,
        "mr": 0.42043597469422206
    }
}